{
    "width": 640,
    "height": 480,
    "fx": 615.20947265625,
    "fy": 615.5355224609375,
    "ppx": 322.2851257324219,
    "ppy": 244.11500549316406,
    "model": "distortion.inverse_brown_conrady"
}