{
    "width": 640,
    "height": 480,
    "fx": 604.4930419921875,
    "fy": 604.1625366210938,
    "ppx": 322.8906555175781,
    "ppy": 246.3463134765625,
    "model": "distortion.inverse_brown_conrady"
}